Date:1989-01,bufferOverflow:1,heapOverflow:0,codeExecution:0,csrf:0,xss:0,sqlInjection:0,denialOfService:0,privilegeEscalation:0,infoExposure:0,memCorruption:0,fileInclusion:0,dirTraversal:0,bypassAttacks:0
Date:1989-10,bufferOverflow:0,heapOverflow:0,codeExecution:1,csrf:0,xss:0,sqlInjection:0,denialOfService:0,privilegeEscalation:0,infoExposure:0,memCorruption:0,fileInclusion:0,dirTraversal:0,bypassAttacks:0
Date:1990-05,bufferOverflow:1,heapOverflow:0,codeExecution:0,csrf:0,xss:0,sqlInjection:0,denialOfService:0,privilegeEscalation:0,infoExposure:0,memCorruption:0,fileInclusion:0,dirTraversal:0,bypassAttacks:0
Date:1991-01,bufferOverflow:0,heapOverflow:0,codeExecution:0,csrf:0,xss:0,sqlInjection:0,denialOfService:0,privilegeEscalation:0,infoExposure:1,memCorruption:0,fileInclusion:0,dirTraversal:0,bypassAttacks:1
Date:1991-09,bufferOverflow:0,heapOverflow:0,codeExecution:0,csrf:0,xss:0,sqlInjection:0,denialOfService:0,privilegeEscalation:0,infoExposure:2,memCorruption:0,fileInclusion:0,dirTraversal:0,bypassAttacks:0
Date:1991-12,bufferOverflow:0,heapOverflow:0,codeExecution:0,csrf:0,xss:0,sqlInjection:0,denialOfService:0,privilegeEscalation:0,infoExposure:0,memCorruption:0,fileInclusion:0,dirTraversal:0,bypassAttacks:1
Date:1992-02,bufferOverflow:0,heapOverflow:0,codeExecution:1,csrf:0,xss:0,sqlInjection:0,denialOfService:0,privilegeEscalation:0,infoExposure:0,memCorruption:0,fileInclusion:0,dirTraversal:0,bypassAttacks:0
Date:1992-03,bufferOverflow:0,heapOverflow:0,codeExecution:0,csrf:0,xss:0,sqlInjection:0,denialOfService:0,privilegeEscalation:0,infoExposure:0,memCorruption:0,fileInclusion:0,dirTraversal:0,bypassAttacks:1
Date:1992-04,bufferOverflow:0,heapOverflow:0,codeExecution:1,csrf:0,xss:0,sqlInjection:0,denialOfService:0,privilegeEscalation:0,infoExposure:0,memCorruption:0,fileInclusion:0,dirTraversal:0,bypassAttacks:0
Date:1992-06,bufferOverflow:0,heapOverflow:0,codeExecution:0,csrf:0,xss:0,sqlInjection:0,denialOfService:0,privilegeEscalation:0,infoExposure:0,memCorruption:0,fileInclusion:0,dirTraversal:0,bypassAttacks:2
Date:1992-07,bufferOverflow:0,heapOverflow:0,codeExecution:0,csrf:0,xss:0,sqlInjection:0,denialOfService:2,privilegeEscalation:0,infoExposure:0,memCorruption:0,fileInclusion:0,dirTraversal:0,bypassAttacks:0
Date:1992-12,bufferOverflow:0,heapOverflow:0,codeExecution:0,csrf:0,xss:0,sqlInjection:0,denialOfService:0,privilegeEscalation:0,infoExposure:0,memCorruption:0,fileInclusion:0,dirTraversal:0,bypassAttacks:2
Date:1993-04,bufferOverflow:0,heapOverflow:0,codeExecution:0,csrf:0,xss:0,sqlInjection:0,denialOfService:0,privilegeEscalation:0,infoExposure:0,memCorruption:0,fileInclusion:0,dirTraversal:0,bypassAttacks:1
Date:1993-05,bufferOverflow:0,heapOverflow:0,codeExecution:0,csrf:0,xss:0,sqlInjection:0,denialOfService:1,privilegeEscalation:0,infoExposure:0,memCorruption:0,fileInclusion:0,dirTraversal:0,bypassAttacks:0
Date:1993-09,bufferOverflow:0,heapOverflow:0,codeExecution:0,csrf:0,xss:0,sqlInjection:0,denialOfService:1,privilegeEscalation:0,infoExposure:1,memCorruption:0,fileInclusion:0,dirTraversal:0,bypassAttacks:0
Date:1994-01,bufferOverflow:0,heapOverflow:0,codeExecution:0,csrf:0,xss:0,sqlInjection:0,denialOfService:1,privilegeEscalation:0,infoExposure:0,memCorruption:0,fileInclusion:0,dirTraversal:0,bypassAttacks:0
Date:1994-07,bufferOverflow:0,heapOverflow:0,codeExecution:0,csrf:0,xss:0,sqlInjection:0,denialOfService:0,privilegeEscalation:0,infoExposure:0,memCorruption:0,fileInclusion:0,dirTraversal:0,bypassAttacks:1
Date:1994-12,bufferOverflow:0,heapOverflow:0,codeExecution:0,csrf:0,xss:0,sqlInjection:0,denialOfService:1,privilegeEscalation:0,infoExposure:0,memCorruption:0,fileInclusion:0,dirTraversal:0,bypassAttacks:0
Date:1995-02,bufferOverflow:2,heapOverflow:0,codeExecution:0,csrf:0,xss:0,sqlInjection:0,denialOfService:0,privilegeEscalation:0,infoExposure:0,memCorruption:0,fileInclusion:0,dirTraversal:0,bypassAttacks:0
Date:1995-03,bufferOverflow:0,heapOverflow:0,codeExecution:0,csrf:0,xss:0,sqlInjection:0,denialOfService:0,privilegeEscalation:0,infoExposure:0,memCorruption:0,fileInclusion:0,dirTraversal:0,bypassAttacks:1
Date:1995-07,bufferOverflow:0,heapOverflow:0,codeExecution:0,csrf:0,xss:0,sqlInjection:0,denialOfService:0,privilegeEscalation:0,infoExposure:0,memCorruption:0,fileInclusion:0,dirTraversal:0,bypassAttacks:1
Date:1995-10,bufferOverflow:1,heapOverflow:0,codeExecution:0,csrf:0,xss:0,sqlInjection:0,denialOfService:0,privilegeEscalation:0,infoExposure:0,memCorruption:0,fileInclusion:0,dirTraversal:0,bypassAttacks:1
Date:1995-11,bufferOverflow:0,heapOverflow:0,codeExecution:0,csrf:0,xss:0,sqlInjection:0,denialOfService:0,privilegeEscalation:0,infoExposure:0,memCorruption:0,fileInclusion:0,dirTraversal:0,bypassAttacks:1
Date:1995-12,bufferOverflow:1,heapOverflow:0,codeExecution:1,csrf:0,xss:0,sqlInjection:0,denialOfService:0,privilegeEscalation:0,infoExposure:0,memCorruption:0,fileInclusion:0,dirTraversal:0,bypassAttacks:0
Date:1996-02,bufferOverflow:0,heapOverflow:0,codeExecution:2,csrf:0,xss:0,sqlInjection:0,denialOfService:0,privilegeEscalation:0,infoExposure:0,memCorruption:0,fileInclusion:0,dirTraversal:0,bypassAttacks:0
Date:1996-03,bufferOverflow:0,heapOverflow:0,codeExecution:1,csrf:0,xss:0,sqlInjection:0,denialOfService:0,privilegeEscalation:0,infoExposure:0,memCorruption:0,fileInclusion:0,dirTraversal:0,bypassAttacks:0
Date:1996-04,bufferOverflow:0,heapOverflow:0,codeExecution:1,csrf:0,xss:0,sqlInjection:0,denialOfService:0,privilegeEscalation:0,infoExposure:1,memCorruption:0,fileInclusion:0,dirTraversal:0,bypassAttacks:0
Date:1996-05,bufferOverflow:0,heapOverflow:0,codeExecution:1,csrf:0,xss:0,sqlInjection:0,denialOfService:1,privilegeEscalation:0,infoExposure:0,memCorruption:0,fileInclusion:0,dirTraversal:0,bypassAttacks:0
Date:1996-06,bufferOverflow:0,heapOverflow:0,codeExecution:0,csrf:0,xss:0,sqlInjection:0,denialOfService:1,privilegeEscalation:0,infoExposure:1,memCorruption:0,fileInclusion:0,dirTraversal:0,bypassAttacks:0
Date:1996-07,bufferOverflow:3,heapOverflow:0,codeExecution:1,csrf:0,xss:0,sqlInjection:0,denialOfService:0,privilegeEscalation:0,infoExposure:0,memCorruption:0,fileInclusion:0,dirTraversal:0,bypassAttacks:0
Date:1996-08,bufferOverflow:1,heapOverflow:0,codeExecution:1,csrf:0,xss:0,sqlInjection:0,denialOfService:0,privilegeEscalation:0,infoExposure:0,memCorruption:0,fileInclusion:0,dirTraversal:0,bypassAttacks:0
Date:1996-09,bufferOverflow:1,heapOverflow:0,codeExecution:0,csrf:0,xss:0,sqlInjection:0,denialOfService:2,privilegeEscalation:0,infoExposure:0,memCorruption:0,fileInclusion:0,dirTraversal:0,bypassAttacks:0
Date:1996-10,bufferOverflow:3,heapOverflow:0,codeExecution:1,csrf:0,xss:0,sqlInjection:0,denialOfService:0,privilegeEscalation:0,infoExposure:0,memCorruption:0,fileInclusion:0,dirTraversal:0,bypassAttacks:0
Date:1996-11,bufferOverflow:2,heapOverflow:0,codeExecution:1,csrf:0,xss:0,sqlInjection:0,denialOfService:0,privilegeEscalation:0,infoExposure:2,memCorruption:0,fileInclusion:0,dirTraversal:0,bypassAttacks:0
Date:1996-12,bufferOverflow:5,heapOverflow:0,codeExecution:0,csrf:0,xss:0,sqlInjection:0,denialOfService:2,privilegeEscalation:0,infoExposure:0,memCorruption:0,fileInclusion:0,dirTraversal:0,bypassAttacks:0
Date:1997-01,bufferOverflow:4,heapOverflow:0,codeExecution:4,csrf:0,xss:0,sqlInjection:0,denialOfService:4,privilegeEscalation:0,infoExposure:3,memCorruption:0,fileInclusion:0,dirTraversal:0,bypassAttacks:2
Date:1997-02,bufferOverflow:4,heapOverflow:0,codeExecution:0,csrf:0,xss:1,sqlInjection:0,denialOfService:1,privilegeEscalation:0,infoExposure:0,memCorruption:0,fileInclusion:0,dirTraversal:0,bypassAttacks:0
Date:1997-03,bufferOverflow:3,heapOverflow:0,codeExecution:1,csrf:0,xss:0,sqlInjection:0,denialOfService:1,privilegeEscalation:0,infoExposure:1,memCorruption:0,fileInclusion:0,dirTraversal:0,bypassAttacks:0
Date:1997-04,bufferOverflow:5,heapOverflow:0,codeExecution:0,csrf:0,xss:0,sqlInjection:0,denialOfService:2,privilegeEscalation:0,infoExposure:0,memCorruption:0,fileInclusion:0,dirTraversal:0,bypassAttacks:0
Date:1997-05,bufferOverflow:8,heapOverflow:0,codeExecution:3,csrf:0,xss:0,sqlInjection:0,denialOfService:1,privilegeEscalation:0,infoExposure:3,memCorruption:0,fileInclusion:0,dirTraversal:0,bypassAttacks:2
Date:1997-06,bufferOverflow:4,heapOverflow:0,codeExecution:1,csrf:0,xss:0,sqlInjection:0,denialOfService:5,privilegeEscalation:0,infoExposure:0,memCorruption:0,fileInclusion:0,dirTraversal:0,bypassAttacks:0
Date:1997-07,bufferOverflow:14,heapOverflow:0,codeExecution:4,csrf:0,xss:0,sqlInjection:0,denialOfService:6,privilegeEscalation:0,infoExposure:1,memCorruption:0,fileInclusion:0,dirTraversal:0,bypassAttacks:2
Date:1997-08,bufferOverflow:1,heapOverflow:0,codeExecution:1,csrf:0,xss:0,sqlInjection:0,denialOfService:1,privilegeEscalation:0,infoExposure:1,memCorruption:0,fileInclusion:0,dirTraversal:0,bypassAttacks:1
Date:1997-09,bufferOverflow:3,heapOverflow:0,codeExecution:1,csrf:0,xss:0,sqlInjection:0,denialOfService:4,privilegeEscalation:0,infoExposure:0,memCorruption:0,fileInclusion:0,dirTraversal:0,bypassAttacks:1
Date:1997-10,bufferOverflow:7,heapOverflow:0,codeExecution:1,csrf:0,xss:0,sqlInjection:0,denialOfService:5,privilegeEscalation:0,infoExposure:1,memCorruption:0,fileInclusion:0,dirTraversal:0,bypassAttacks:2
Date:1997-11,bufferOverflow:3,heapOverflow:0,codeExecution:0,csrf:0,xss:0,sqlInjection:0,denialOfService:1,privilegeEscalation:0,infoExposure:0,memCorruption:0,fileInclusion:0,dirTraversal:1,bypassAttacks:1
Date:1997-12,bufferOverflow:7,heapOverflow:0,codeExecution:0,csrf:0,xss:0,sqlInjection:0,denialOfService:7,privilegeEscalation:0,infoExposure:0,memCorruption:0,fileInclusion:0,dirTraversal:0,bypassAttacks:0
Date:1998-01,bufferOverflow:5,heapOverflow:0,codeExecution:1,csrf:0,xss:0,sqlInjection:0,denialOfService:5,privilegeEscalation:0,infoExposure:0,memCorruption:0,fileInclusion:0,dirTraversal:0,bypassAttacks:3
Date:1998-02,bufferOverflow:2,heapOverflow:0,codeExecution:1,csrf:0,xss:0,sqlInjection:0,denialOfService:7,privilegeEscalation:0,infoExposure:0,memCorruption:0,fileInclusion:0,dirTraversal:0,bypassAttacks:2
Date:1998-03,bufferOverflow:2,heapOverflow:0,codeExecution:0,csrf:0,xss:0,sqlInjection:0,denialOfService:4,privilegeEscalation:0,infoExposure:1,memCorruption:0,fileInclusion:0,dirTraversal:0,bypassAttacks:1
Date:1998-04,bufferOverflow:10,heapOverflow:0,codeExecution:3,csrf:0,xss:0,sqlInjection:0,denialOfService:8,privilegeEscalation:0,infoExposure:0,memCorruption:0,fileInclusion:0,dirTraversal:1,bypassAttacks:0
Date:1998-05,bufferOverflow:5,heapOverflow:0,codeExecution:1,csrf:0,xss:0,sqlInjection:0,denialOfService:2,privilegeEscalation:0,infoExposure:0,memCorruption:0,fileInclusion:0,dirTraversal:0,bypassAttacks:2
Date:1998-06,bufferOverflow:1,heapOverflow:0,codeExecution:1,csrf:0,xss:0,sqlInjection:0,denialOfService:6,privilegeEscalation:0,infoExposure:3,memCorruption:0,fileInclusion:0,dirTraversal:0,bypassAttacks:1
Date:1998-07,bufferOverflow:8,heapOverflow:0,codeExecution:2,csrf:0,xss:0,sqlInjection:0,denialOfService:9,privilegeEscalation:0,infoExposure:1,memCorruption:0,fileInclusion:0,dirTraversal:0,bypassAttacks:3
Date:1998-08,bufferOverflow:3,heapOverflow:0,codeExecution:2,csrf:0,xss:0,sqlInjection:0,denialOfService:6,privilegeEscalation:0,infoExposure:0,memCorruption:0,fileInclusion:0,dirTraversal:0,bypassAttacks:1
Date:1998-09,bufferOverflow:3,heapOverflow:0,codeExecution:3,csrf:0,xss:0,sqlInjection:0,denialOfService:3,privilegeEscalation:0,infoExposure:2,memCorruption:0,fileInclusion:0,dirTraversal:0,bypassAttacks:2
Date:1998-10,bufferOverflow:3,heapOverflow:0,codeExecution:3,csrf:0,xss:0,sqlInjection:0,denialOfService:2,privilegeEscalation:0,infoExposure:0,memCorruption:0,fileInclusion:0,dirTraversal:0,bypassAttacks:0
Date:1998-11,bufferOverflow:2,heapOverflow:0,codeExecution:5,csrf:0,xss:0,sqlInjection:0,denialOfService:3,privilegeEscalation:0,infoExposure:4,memCorruption:0,fileInclusion:0,dirTraversal:0,bypassAttacks:2
Date:1998-12,bufferOverflow:7,heapOverflow:0,codeExecution:1,csrf:0,xss:0,sqlInjection:0,denialOfService:6,privilegeEscalation:0,infoExposure:0,memCorruption:0,fileInclusion:0,dirTraversal:0,bypassAttacks:1
Date:1999-01,bufferOverflow:13,heapOverflow:0,codeExecution:2,csrf:0,xss:0,sqlInjection:0,denialOfService:17,privilegeEscalation:0,infoExposure:9,memCorruption:0,fileInclusion:0,dirTraversal:0,bypassAttacks:4
Date:1999-02,bufferOverflow:13,heapOverflow:0,codeExecution:2,csrf:0,xss:0,sqlInjection:0,denialOfService:12,privilegeEscalation:0,infoExposure:1,memCorruption:0,fileInclusion:0,dirTraversal:0,bypassAttacks:5
Date:1999-03,bufferOverflow:7,heapOverflow:0,codeExecution:2,csrf:0,xss:0,sqlInjection:0,denialOfService:17,privilegeEscalation:0,infoExposure:2,memCorruption:0,fileInclusion:0,dirTraversal:0,bypassAttacks:2
Date:1999-04,bufferOverflow:1,heapOverflow:0,codeExecution:0,csrf:0,xss:0,sqlInjection:0,denialOfService:6,privilegeEscalation:0,infoExposure:10,memCorruption:0,fileInclusion:0,dirTraversal:0,bypassAttacks:1
Date:1999-05,bufferOverflow:10,heapOverflow:0,codeExecution:3,csrf:0,xss:0,sqlInjection:0,denialOfService:13,privilegeEscalation:0,infoExposure:4,memCorruption:0,fileInclusion:0,dirTraversal:0,bypassAttacks:1
Date:1999-06,bufferOverflow:6,heapOverflow:0,codeExecution:3,csrf:0,xss:0,sqlInjection:0,denialOfService:12,privilegeEscalation:0,infoExposure:0,memCorruption:0,fileInclusion:0,dirTraversal:0,bypassAttacks:5
Date:1999-07,bufferOverflow:6,heapOverflow:0,codeExecution:3,csrf:0,xss:0,sqlInjection:0,denialOfService:11,privilegeEscalation:0,infoExposure:2,memCorruption:0,fileInclusion:0,dirTraversal:0,bypassAttacks:5
Date:1999-08,bufferOverflow:13,heapOverflow:0,codeExecution:3,csrf:0,xss:0,sqlInjection:0,denialOfService:12,privilegeEscalation:0,infoExposure:7,memCorruption:0,fileInclusion:0,dirTraversal:0,bypassAttacks:4
Date:1999-09,bufferOverflow:23,heapOverflow:0,codeExecution:12,csrf:0,xss:0,sqlInjection:0,denialOfService:7,privilegeEscalation:0,infoExposure:2,memCorruption:0,fileInclusion:0,dirTraversal:1,bypassAttacks:4
Date:1999-10,bufferOverflow:11,heapOverflow:0,codeExecution:4,csrf:0,xss:2,sqlInjection:0,denialOfService:14,privilegeEscalation:0,infoExposure:0,memCorruption:0,fileInclusion:0,dirTraversal:2,bypassAttacks:6
Date:1999-11,bufferOverflow:32,heapOverflow:0,codeExecution:15,csrf:0,xss:0,sqlInjection:0,denialOfService:21,privilegeEscalation:0,infoExposure:0,memCorruption:0,fileInclusion:0,dirTraversal:2,bypassAttacks:4
Date:1999-12,bufferOverflow:37,heapOverflow:0,codeExecution:12,csrf:0,xss:1,sqlInjection:0,denialOfService:37,privilegeEscalation:0,infoExposure:14,memCorruption:0,fileInclusion:0,dirTraversal:2,bypassAttacks:22
Date:2000-01,bufferOverflow:13,heapOverflow:0,codeExecution:2,csrf:0,xss:0,sqlInjection:0,denialOfService:8,privilegeEscalation:0,infoExposure:4,memCorruption:0,fileInclusion:0,dirTraversal:0,bypassAttacks:10
Date:2000-02,bufferOverflow:11,heapOverflow:0,codeExecution:1,csrf:0,xss:1,sqlInjection:0,denialOfService:13,privilegeEscalation:0,infoExposure:15,memCorruption:0,fileInclusion:0,dirTraversal:0,bypassAttacks:9
Date:2000-03,bufferOverflow:13,heapOverflow:0,codeExecution:2,csrf:0,xss:0,sqlInjection:0,denialOfService:17,privilegeEscalation:0,infoExposure:3,memCorruption:0,fileInclusion:0,dirTraversal:0,bypassAttacks:3
Date:2000-04,bufferOverflow:16,heapOverflow:0,codeExecution:5,csrf:0,xss:0,sqlInjection:0,denialOfService:27,privilegeEscalation:0,infoExposure:9,memCorruption:0,fileInclusion:0,dirTraversal:0,bypassAttacks:7
Date:2000-05,bufferOverflow:28,heapOverflow:0,codeExecution:20,csrf:0,xss:0,sqlInjection:0,denialOfService:34,privilegeEscalation:0,infoExposure:13,memCorruption:0,fileInclusion:0,dirTraversal:0,bypassAttacks:11
Date:2000-06,bufferOverflow:25,heapOverflow:0,codeExecution:19,csrf:0,xss:0,sqlInjection:0,denialOfService:47,privilegeEscalation:0,infoExposure:7,memCorruption:0,fileInclusion:0,dirTraversal:0,bypassAttacks:14
Date:2000-07,bufferOverflow:13,heapOverflow:0,codeExecution:18,csrf:0,xss:0,sqlInjection:0,denialOfService:23,privilegeEscalation:0,infoExposure:2,memCorruption:0,fileInclusion:0,dirTraversal:0,bypassAttacks:9
Date:2000-08,bufferOverflow:1,heapOverflow:0,codeExecution:0,csrf:0,xss:0,sqlInjection:0,denialOfService:1,privilegeEscalation:0,infoExposure:0,memCorruption:0,fileInclusion:0,dirTraversal:0,bypassAttacks:1
Date:2000-09,bufferOverflow:1,heapOverflow:0,codeExecution:0,csrf:0,xss:0,sqlInjection:0,denialOfService:0,privilegeEscalation:0,infoExposure:0,memCorruption:0,fileInclusion:0,dirTraversal:0,bypassAttacks:0
Date:2000-10,bufferOverflow:25,heapOverflow:0,codeExecution:25,csrf:0,xss:2,sqlInjection:0,denialOfService:24,privilegeEscalation:0,infoExposure:4,memCorruption:0,fileInclusion:0,dirTraversal:3,bypassAttacks:11
Date:2000-11,bufferOverflow:20,heapOverflow:0,codeExecution:20,csrf:0,xss:0,sqlInjection:0,denialOfService:23,privilegeEscalation:1,infoExposure:1,memCorruption:0,fileInclusion:0,dirTraversal:0,bypassAttacks:15
Date:2000-12,bufferOverflow:36,heapOverflow:3,codeExecution:56,csrf:0,xss:6,sqlInjection:2,denialOfService:46,privilegeEscalation:0,infoExposure:22,memCorruption:0,fileInclusion:0,dirTraversal:17,bypassAttacks:30
Date:2001-01,bufferOverflow:25,heapOverflow:0,codeExecution:35,csrf:0,xss:4,sqlInjection:0,denialOfService:35,privilegeEscalation:0,infoExposure:12,memCorruption:0,fileInclusion:0,dirTraversal:4,bypassAttacks:12
Date:2001-02,bufferOverflow:20,heapOverflow:0,codeExecution:25,csrf:0,xss:2,sqlInjection:0,denialOfService:31,privilegeEscalation:0,infoExposure:8,memCorruption:0,fileInclusion:1,dirTraversal:6,bypassAttacks:14
Date:2001-03,bufferOverflow:20,heapOverflow:0,codeExecution:22,csrf:0,xss:0,sqlInjection:0,denialOfService:33,privilegeEscalation:0,infoExposure:2,memCorruption:0,fileInclusion:0,dirTraversal:3,bypassAttacks:8
Date:2001-04,bufferOverflow:1,heapOverflow:0,codeExecution:0,csrf:0,xss:0,sqlInjection:0,denialOfService:4,privilegeEscalation:0,infoExposure:1,memCorruption:0,fileInclusion:0,dirTraversal:0,bypassAttacks:2
Date:2001-05,bufferOverflow:32,heapOverflow:0,codeExecution:40,csrf:0,xss:0,sqlInjection:1,denialOfService:20,privilegeEscalation:0,infoExposure:3,memCorruption:0,fileInclusion:0,dirTraversal:16,bypassAttacks:8
Date:2001-06,bufferOverflow:41,heapOverflow:1,codeExecution:51,csrf:0,xss:1,sqlInjection:0,denialOfService:54,privilegeEscalation:0,infoExposure:17,memCorruption:0,fileInclusion:0,dirTraversal:25,bypassAttacks:25
Date:2001-07,bufferOverflow:27,heapOverflow:0,codeExecution:55,csrf:0,xss:8,sqlInjection:0,denialOfService:59,privilegeEscalation:0,infoExposure:20,memCorruption:0,fileInclusion:0,dirTraversal:14,bypassAttacks:24
Date:2001-08,bufferOverflow:27,heapOverflow:0,codeExecution:25,csrf:0,xss:6,sqlInjection:2,denialOfService:54,privilegeEscalation:0,infoExposure:7,memCorruption:0,fileInclusion:0,dirTraversal:14,bypassAttacks:23
Date:2001-09,bufferOverflow:23,heapOverflow:0,codeExecution:30,csrf:0,xss:4,sqlInjection:1,denialOfService:33,privilegeEscalation:0,infoExposure:11,memCorruption:0,fileInclusion:0,dirTraversal:14,bypassAttacks:22
Date:2001-10,bufferOverflow:27,heapOverflow:1,codeExecution:32,csrf:0,xss:0,sqlInjection:1,denialOfService:37,privilegeEscalation:0,infoExposure:14,memCorruption:0,fileInclusion:1,dirTraversal:8,bypassAttacks:16
Date:2001-11,bufferOverflow:9,heapOverflow:0,codeExecution:18,csrf:0,xss:2,sqlInjection:0,denialOfService:9,privilegeEscalation:0,infoExposure:6,memCorruption:0,fileInclusion:0,dirTraversal:4,bypassAttacks:6
Date:2001-12,bufferOverflow:41,heapOverflow:0,codeExecution:69,csrf:0,xss:26,sqlInjection:1,denialOfService:47,privilegeEscalation:0,infoExposure:26,memCorruption:0,fileInclusion:0,dirTraversal:16,bypassAttacks:49
Date:2002-01,bufferOverflow:4,heapOverflow:0,codeExecution:4,csrf:0,xss:0,sqlInjection:0,denialOfService:4,privilegeEscalation:0,infoExposure:1,memCorruption:0,fileInclusion:0,dirTraversal:1,bypassAttacks:1
Date:2002-02,bufferOverflow:2,heapOverflow:0,codeExecution:4,csrf:0,xss:0,sqlInjection:0,denialOfService:4,privilegeEscalation:0,infoExposure:2,memCorruption:0,fileInclusion:0,dirTraversal:0,bypassAttacks:3
Date:2002-03,bufferOverflow:26,heapOverflow:0,codeExecution:32,csrf:0,xss:2,sqlInjection:0,denialOfService:32,privilegeEscalation:0,infoExposure:14,memCorruption:0,fileInclusion:0,dirTraversal:4,bypassAttacks:13
Date:2002-04,bufferOverflow:16,heapOverflow:0,codeExecution:20,csrf:0,xss:7,sqlInjection:0,denialOfService:12,privilegeEscalation:0,infoExposure:12,memCorruption:0,fileInclusion:0,dirTraversal:0,bypassAttacks:6
Date:2002-05,bufferOverflow:31,heapOverflow:0,codeExecution:47,csrf:0,xss:16,sqlInjection:3,denialOfService:22,privilegeEscalation:0,infoExposure:16,memCorruption:0,fileInclusion:0,dirTraversal:8,bypassAttacks:23
Date:2002-06,bufferOverflow:19,heapOverflow:1,codeExecution:33,csrf:0,xss:11,sqlInjection:1,denialOfService:38,privilegeEscalation:0,infoExposure:4,memCorruption:0,fileInclusion:0,dirTraversal:8,bypassAttacks:14
Date:2002-07,bufferOverflow:29,heapOverflow:0,codeExecution:42,csrf:0,xss:9,sqlInjection:3,denialOfService:23,privilegeEscalation:0,infoExposure:15,memCorruption:0,fileInclusion:0,dirTraversal:7,bypassAttacks:42
Date:2002-08,bufferOverflow:48,heapOverflow:0,codeExecution:72,csrf:0,xss:27,sqlInjection:4,denialOfService:46,privilegeEscalation:0,infoExposure:17,memCorruption:0,fileInclusion:0,dirTraversal:12,bypassAttacks:52
Date:2002-09,bufferOverflow:27,heapOverflow:0,codeExecution:26,csrf:0,xss:2,sqlInjection:0,denialOfService:9,privilegeEscalation:0,infoExposure:0,memCorruption:0,fileInclusion:0,dirTraversal:0,bypassAttacks:7
Date:2002-10,bufferOverflow:73,heapOverflow:0,codeExecution:93,csrf:0,xss:33,sqlInjection:10,denialOfService:102,privilegeEscalation:0,infoExposure:21,memCorruption:0,fileInclusion:0,dirTraversal:22,bypassAttacks:36
Date:2002-11,bufferOverflow:18,heapOverflow:0,codeExecution:21,csrf:0,xss:14,sqlInjection:1,denialOfService:23,privilegeEscalation:2,infoExposure:6,memCorruption:0,fileInclusion:0,dirTraversal:1,bypassAttacks:9
Date:2002-12,bufferOverflow:128,heapOverflow:0,codeExecution:223,csrf:4,xss:203,sqlInjection:18,denialOfService:202,privilegeEscalation:1,infoExposure:114,memCorruption:1,fileInclusion:14,dirTraversal:39,bypassAttacks:112
Date:2003-01,bufferOverflow:12,heapOverflow:0,codeExecution:14,csrf:0,xss:2,sqlInjection:1,denialOfService:11,privilegeEscalation:0,infoExposure:1,memCorruption:0,fileInclusion:0,dirTraversal:0,bypassAttacks:6
Date:2003-02,bufferOverflow:9,heapOverflow:0,codeExecution:17,csrf:0,xss:6,sqlInjection:1,denialOfService:14,privilegeEscalation:0,infoExposure:2,memCorruption:0,fileInclusion:0,dirTraversal:1,bypassAttacks:7
Date:2003-03,bufferOverflow:28,heapOverflow:0,codeExecution:41,csrf:0,xss:10,sqlInjection:0,denialOfService:26,privilegeEscalation:0,infoExposure:7,memCorruption:0,fileInclusion:0,dirTraversal:4,bypassAttacks:19
Date:2003-04,bufferOverflow:28,heapOverflow:0,codeExecution:35,csrf:0,xss:21,sqlInjection:5,denialOfService:36,privilegeEscalation:0,infoExposure:6,memCorruption:0,fileInclusion:0,dirTraversal:9,bypassAttacks:22
Date:2003-05,bufferOverflow:20,heapOverflow:0,codeExecution:30,csrf:0,xss:8,sqlInjection:2,denialOfService:17,privilegeEscalation:1,infoExposure:2,memCorruption:0,fileInclusion:0,dirTraversal:3,bypassAttacks:11
Date:2003-06,bufferOverflow:29,heapOverflow:0,codeExecution:48,csrf:0,xss:30,sqlInjection:6,denialOfService:40,privilegeEscalation:0,infoExposure:14,memCorruption:0,fileInclusion:1,dirTraversal:5,bypassAttacks:14
Date:2003-07,bufferOverflow:15,heapOverflow:0,codeExecution:16,csrf:0,xss:6,sqlInjection:0,denialOfService:12,privilegeEscalation:0,infoExposure:0,memCorruption:0,fileInclusion:0,dirTraversal:1,bypassAttacks:4
Date:2003-08,bufferOverflow:46,heapOverflow:0,codeExecution:64,csrf:0,xss:35,sqlInjection:9,denialOfService:55,privilegeEscalation:0,infoExposure:12,memCorruption:0,fileInclusion:0,dirTraversal:8,bypassAttacks:30
Date:2003-09,bufferOverflow:10,heapOverflow:0,codeExecution:17,csrf:0,xss:8,sqlInjection:1,denialOfService:9,privilegeEscalation:0,infoExposure:1,memCorruption:0,fileInclusion:0,dirTraversal:0,bypassAttacks:3
Date:2003-10,bufferOverflow:26,heapOverflow:0,codeExecution:34,csrf:0,xss:20,sqlInjection:3,denialOfService:19,privilegeEscalation:0,infoExposure:8,memCorruption:0,fileInclusion:1,dirTraversal:2,bypassAttacks:17
Date:2003-11,bufferOverflow:29,heapOverflow:0,codeExecution:38,csrf:0,xss:12,sqlInjection:6,denialOfService:20,privilegeEscalation:0,infoExposure:0,memCorruption:1,fileInclusion:0,dirTraversal:2,bypassAttacks:12
Date:2003-12,bufferOverflow:88,heapOverflow:0,codeExecution:152,csrf:0,xss:101,sqlInjection:15,denialOfService:142,privilegeEscalation:0,infoExposure:85,memCorruption:0,fileInclusion:14,dirTraversal:23,bypassAttacks:56
Date:2004-01,bufferOverflow:11,heapOverflow:0,codeExecution:16,csrf:0,xss:10,sqlInjection:3,denialOfService:17,privilegeEscalation:0,infoExposure:8,memCorruption:0,fileInclusion:1,dirTraversal:3,bypassAttacks:9
Date:2004-02,bufferOverflow:13,heapOverflow:0,codeExecution:23,csrf:0,xss:18,sqlInjection:2,denialOfService:24,privilegeEscalation:0,infoExposure:3,memCorruption:0,fileInclusion:3,dirTraversal:3,bypassAttacks:20
Date:2004-03,bufferOverflow:32,heapOverflow:0,codeExecution:43,csrf:0,xss:35,sqlInjection:6,denialOfService:27,privilegeEscalation:0,infoExposure:22,memCorruption:0,fileInclusion:3,dirTraversal:5,bypassAttacks:23
Date:2004-04,bufferOverflow:12,heapOverflow:0,codeExecution:32,csrf:2,xss:24,sqlInjection:7,denialOfService:16,privilegeEscalation:1,infoExposure:18,memCorruption:0,fileInclusion:4,dirTraversal:9,bypassAttacks:16
Date:2004-05,bufferOverflow:10,heapOverflow:0,codeExecution:14,csrf:0,xss:18,sqlInjection:5,denialOfService:21,privilegeEscalation:0,infoExposure:13,memCorruption:0,fileInclusion:1,dirTraversal:2,bypassAttacks:5
Date:2004-06,bufferOverflow:13,heapOverflow:0,codeExecution:26,csrf:0,xss:1,sqlInjection:0,denialOfService:17,privilegeEscalation:0,infoExposure:8,memCorruption:0,fileInclusion:0,dirTraversal:1,bypassAttacks:5
Date:2004-07,bufferOverflow:20,heapOverflow:0,codeExecution:37,csrf:0,xss:16,sqlInjection:5,denialOfService:24,privilegeEscalation:0,infoExposure:8,memCorruption:1,fileInclusion:1,dirTraversal:2,bypassAttacks:18
Date:2004-08,bufferOverflow:45,heapOverflow:0,codeExecution:76,csrf:0,xss:46,sqlInjection:9,denialOfService:66,privilegeEscalation:0,infoExposure:15,memCorruption:0,fileInclusion:1,dirTraversal:12,bypassAttacks:33
Date:2004-09,bufferOverflow:16,heapOverflow:0,codeExecution:27,csrf:0,xss:16,sqlInjection:2,denialOfService:26,privilegeEscalation:0,infoExposure:5,memCorruption:0,fileInclusion:1,dirTraversal:3,bypassAttacks:24
Date:2004-10,bufferOverflow:17,heapOverflow:0,codeExecution:34,csrf:0,xss:16,sqlInjection:3,denialOfService:23,privilegeEscalation:0,infoExposure:19,memCorruption:0,fileInclusion:0,dirTraversal:4,bypassAttacks:19
Date:2004-11,bufferOverflow:37,heapOverflow:0,codeExecution:56,csrf:0,xss:35,sqlInjection:14,denialOfService:56,privilegeEscalation:0,infoExposure:20,memCorruption:0,fileInclusion:2,dirTraversal:8,bypassAttacks:32
Date:2004-12,bufferOverflow:153,heapOverflow:0,codeExecution:320,csrf:8,xss:347,sqlInjection:92,denialOfService:277,privilegeEscalation:0,infoExposure:155,memCorruption:2,fileInclusion:21,dirTraversal:57,bypassAttacks:187
Date:2005-01,bufferOverflow:101,heapOverflow:0,codeExecution:142,csrf:0,xss:52,sqlInjection:7,denialOfService:72,privilegeEscalation:0,infoExposure:38,memCorruption:3,fileInclusion:2,dirTraversal:12,bypassAttacks:47
Date:2005-02,bufferOverflow:18,heapOverflow:0,codeExecution:33,csrf:2,xss:16,sqlInjection:2,denialOfService:14,privilegeEscalation:0,infoExposure:16,memCorruption:0,fileInclusion:3,dirTraversal:4,bypassAttacks:16
Date:2005-03,bufferOverflow:21,heapOverflow:0,codeExecution:52,csrf:0,xss:52,sqlInjection:10,denialOfService:33,privilegeEscalation:0,infoExposure:25,memCorruption:0,fileInclusion:8,dirTraversal:8,bypassAttacks:21
Date:2005-04,bufferOverflow:17,heapOverflow:0,codeExecution:47,csrf:0,xss:34,sqlInjection:14,denialOfService:25,privilegeEscalation:0,infoExposure:13,memCorruption:1,fileInclusion:1,dirTraversal:4,bypassAttacks:10
Date:2005-05,bufferOverflow:155,heapOverflow:0,codeExecution:394,csrf:2,xss:374,sqlInjection:128,denialOfService:241,privilegeEscalation:2,infoExposure:182,memCorruption:5,fileInclusion:21,dirTraversal:63,bypassAttacks:143
Date:2005-06,bufferOverflow:24,heapOverflow:0,codeExecution:90,csrf:4,xss:66,sqlInjection:36,denialOfService:24,privilegeEscalation:0,infoExposure:37,memCorruption:1,fileInclusion:11,dirTraversal:14,bypassAttacks:35
Date:2005-07,bufferOverflow:28,heapOverflow:0,codeExecution:83,csrf:0,xss:77,sqlInjection:20,denialOfService:55,privilegeEscalation:0,infoExposure:51,memCorruption:1,fileInclusion:17,dirTraversal:11,bypassAttacks:51
Date:2005-08,bufferOverflow:36,heapOverflow:0,codeExecution:110,csrf:2,xss:89,sqlInjection:28,denialOfService:62,privilegeEscalation:0,infoExposure:59,memCorruption:3,fileInclusion:7,dirTraversal:10,bypassAttacks:46
Date:2005-09,bufferOverflow:32,heapOverflow:0,codeExecution:98,csrf:0,xss:100,sqlInjection:30,denialOfService:53,privilegeEscalation:0,infoExposure:38,memCorruption:0,fileInclusion:7,dirTraversal:15,bypassAttacks:47
Date:2005-10,bufferOverflow:41,heapOverflow:0,codeExecution:89,csrf:2,xss:64,sqlInjection:30,denialOfService:42,privilegeEscalation:0,infoExposure:25,memCorruption:1,fileInclusion:4,dirTraversal:7,bypassAttacks:78
Date:2005-11,bufferOverflow:44,heapOverflow:0,codeExecution:175,csrf:0,xss:164,sqlInjection:94,denialOfService:82,privilegeEscalation:0,infoExposure:56,memCorruption:2,fileInclusion:13,dirTraversal:25,bypassAttacks:67
Date:2005-12,bufferOverflow:91,heapOverflow:0,codeExecution:350,csrf:8,xss:474,sqlInjection:205,denialOfService:157,privilegeEscalation:0,infoExposure:132,memCorruption:2,fileInclusion:5,dirTraversal:29,bypassAttacks:135
Date:2006-01,bufferOverflow:31,heapOverflow:0,codeExecution:113,csrf:0,xss:173,sqlInjection:66,denialOfService:61,privilegeEscalation:0,infoExposure:49,memCorruption:3,fileInclusion:3,dirTraversal:20,bypassAttacks:50
Date:2006-02,bufferOverflow:31,heapOverflow:0,codeExecution:138,csrf:2,xss:174,sqlInjection:69,denialOfService:72,privilegeEscalation:0,infoExposure:67,memCorruption:3,fileInclusion:5,dirTraversal:29,bypassAttacks:93
Date:2006-03,bufferOverflow:52,heapOverflow:0,codeExecution:174,csrf:0,xss:280,sqlInjection:89,denialOfService:72,privilegeEscalation:0,infoExposure:71,memCorruption:8,fileInclusion:9,dirTraversal:26,bypassAttacks:67
Date:2006-04,bufferOverflow:37,heapOverflow:0,codeExecution:205,csrf:0,xss:301,sqlInjection:93,denialOfService:87,privilegeEscalation:0,infoExposure:63,memCorruption:7,fileInclusion:31,dirTraversal:40,bypassAttacks:50
Date:2006-05,bufferOverflow:61,heapOverflow:0,codeExecution:230,csrf:2,xss:274,sqlInjection:92,denialOfService:69,privilegeEscalation:0,infoExposure:79,memCorruption:2,fileInclusion:55,dirTraversal:27,bypassAttacks:80
Date:2006-06,bufferOverflow:38,heapOverflow:0,codeExecution:256,csrf:2,xss:403,sqlInjection:118,denialOfService:60,privilegeEscalation:0,infoExposure:78,memCorruption:10,fileInclusion:81,dirTraversal:20,bypassAttacks:51
Date:2006-07,bufferOverflow:52,heapOverflow:0,codeExecution:205,csrf:8,xss:176,sqlInjection:68,denialOfService:102,privilegeEscalation:0,infoExposure:62,memCorruption:13,fileInclusion:51,dirTraversal:18,bypassAttacks:74
Date:2006-08,bufferOverflow:58,heapOverflow:0,codeExecution:294,csrf:0,xss:135,sqlInjection:51,denialOfService:80,privilegeEscalation:0,infoExposure:67,memCorruption:6,fileInclusion:148,dirTraversal:25,bypassAttacks:62
Date:2006-09,bufferOverflow:37,heapOverflow:0,codeExecution:272,csrf:2,xss:169,sqlInjection:60,denialOfService:57,privilegeEscalation:0,infoExposure:101,memCorruption:0,fileInclusion:133,dirTraversal:25,bypassAttacks:66
Date:2006-10,bufferOverflow:36,heapOverflow:0,codeExecution:301,csrf:10,xss:126,sqlInjection:60,denialOfService:59,privilegeEscalation:0,infoExposure:67,memCorruption:5,fileInclusion:167,dirTraversal:23,bypassAttacks:65
Date:2006-11,bufferOverflow:58,heapOverflow:1,codeExecution:271,csrf:2,xss:160,sqlInjection:114,denialOfService:80,privilegeEscalation:1,infoExposure:84,memCorruption:16,fileInclusion:77,dirTraversal:30,bypassAttacks:58
Date:2006-12,bufferOverflow:76,heapOverflow:1,codeExecution:308,csrf:8,xss:217,sqlInjection:93,denialOfService:112,privilegeEscalation:1,infoExposure:190,memCorruption:18,fileInclusion:88,dirTraversal:35,bypassAttacks:113
Date:2007-01,bufferOverflow:55,heapOverflow:0,codeExecution:227,csrf:8,xss:168,sqlInjection:75,denialOfService:116,privilegeEscalation:0,infoExposure:142,memCorruption:14,fileInclusion:67,dirTraversal:20,bypassAttacks:73
Date:2007-02,bufferOverflow:46,heapOverflow:0,codeExecution:214,csrf:5,xss:154,sqlInjection:51,denialOfService:87,privilegeEscalation:0,infoExposure:111,memCorruption:8,fileInclusion:84,dirTraversal:24,bypassAttacks:89
Date:2007-03,bufferOverflow:80,heapOverflow:1,codeExecution:317,csrf:16,xss:159,sqlInjection:91,denialOfService:113,privilegeEscalation:0,infoExposure:119,memCorruption:10,fileInclusion:92,dirTraversal:39,bypassAttacks:127
Date:2007-04,bufferOverflow:80,heapOverflow:3,codeExecution:312,csrf:4,xss:121,sqlInjection:58,denialOfService:72,privilegeEscalation:0,infoExposure:71,memCorruption:7,fileInclusion:121,dirTraversal:40,bypassAttacks:93
Date:2007-05,bufferOverflow:97,heapOverflow:2,codeExecution:265,csrf:6,xss:165,sqlInjection:61,denialOfService:118,privilegeEscalation:0,infoExposure:104,memCorruption:11,fileInclusion:78,dirTraversal:27,bypassAttacks:61
Date:2007-06,bufferOverflow:63,heapOverflow:0,codeExecution:193,csrf:11,xss:189,sqlInjection:57,denialOfService:106,privilegeEscalation:0,infoExposure:96,memCorruption:10,fileInclusion:38,dirTraversal:18,bypassAttacks:70
Date:2007-07,bufferOverflow:72,heapOverflow:0,codeExecution:232,csrf:14,xss:155,sqlInjection:91,denialOfService:97,privilegeEscalation:1,infoExposure:101,memCorruption:6,fileInclusion:18,dirTraversal:22,bypassAttacks:95
Date:2007-08,bufferOverflow:68,heapOverflow:0,codeExecution:214,csrf:9,xss:135,sqlInjection:47,denialOfService:109,privilegeEscalation:1,infoExposure:76,memCorruption:4,fileInclusion:44,dirTraversal:15,bypassAttacks:71
Date:2007-09,bufferOverflow:65,heapOverflow:0,codeExecution:181,csrf:12,xss:114,sqlInjection:38,denialOfService:77,privilegeEscalation:0,infoExposure:93,memCorruption:0,fileInclusion:48,dirTraversal:24,bypassAttacks:48
Date:2007-10,bufferOverflow:81,heapOverflow:2,codeExecution:220,csrf:17,xss:160,sqlInjection:37,denialOfService:77,privilegeEscalation:1,infoExposure:82,memCorruption:10,fileInclusion:62,dirTraversal:22,bypassAttacks:64
Date:2007-11,bufferOverflow:64,heapOverflow:0,codeExecution:172,csrf:15,xss:111,sqlInjection:48,denialOfService:80,privilegeEscalation:0,infoExposure:70,memCorruption:6,fileInclusion:28,dirTraversal:27,bypassAttacks:69
Date:2007-12,bufferOverflow:51,heapOverflow:0,codeExecution:174,csrf:10,xss:123,sqlInjection:59,denialOfService:69,privilegeEscalation:0,infoExposure:59,memCorruption:8,fileInclusion:19,dirTraversal:34,bypassAttacks:59
Date:2008-01,bufferOverflow:50,heapOverflow:0,codeExecution:223,csrf:26,xss:155,sqlInjection:92,denialOfService:63,privilegeEscalation:1,infoExposure:60,memCorruption:8,fileInclusion:21,dirTraversal:47,bypassAttacks:60
Date:2008-02,bufferOverflow:69,heapOverflow:0,codeExecution:253,csrf:12,xss:177,sqlInjection:119,denialOfService:80,privilegeEscalation:1,infoExposure:68,memCorruption:12,fileInclusion:18,dirTraversal:31,bypassAttacks:66
Date:2008-03,bufferOverflow:48,heapOverflow:0,codeExecution:193,csrf:20,xss:192,sqlInjection:57,denialOfService:87,privilegeEscalation:1,infoExposure:78,memCorruption:8,fileInclusion:13,dirTraversal:29,bypassAttacks:74
Date:2008-04,bufferOverflow:72,heapOverflow:1,codeExecution:204,csrf:12,xss:118,sqlInjection:78,denialOfService:85,privilegeEscalation:2,infoExposure:81,memCorruption:10,fileInclusion:14,dirTraversal:29,bypassAttacks:69
Date:2008-05,bufferOverflow:34,heapOverflow:2,codeExecution:174,csrf:8,xss:153,sqlInjection:85,denialOfService:67,privilegeEscalation:0,infoExposure:33,memCorruption:5,fileInclusion:15,dirTraversal:21,bypassAttacks:62
Date:2008-06,bufferOverflow:52,heapOverflow:0,codeExecution:246,csrf:4,xss:120,sqlInjection:118,denialOfService:59,privilegeEscalation:0,infoExposure:61,memCorruption:16,fileInclusion:17,dirTraversal:35,bypassAttacks:65
Date:2008-07,bufferOverflow:32,heapOverflow:0,codeExecution:224,csrf:16,xss:151,sqlInjection:112,denialOfService:72,privilegeEscalation:0,infoExposure:72,memCorruption:5,fileInclusion:19,dirTraversal:36,bypassAttacks:103
Date:2008-08,bufferOverflow:34,heapOverflow:0,codeExecution:172,csrf:12,xss:114,sqlInjection:73,denialOfService:73,privilegeEscalation:2,infoExposure:55,memCorruption:12,fileInclusion:8,dirTraversal:19,bypassAttacks:68
Date:2008-09,bufferOverflow:36,heapOverflow:0,codeExecution:179,csrf:14,xss:99,sqlInjection:77,denialOfService:106,privilegeEscalation:0,infoExposure:79,memCorruption:12,fileInclusion:7,dirTraversal:20,bypassAttacks:71
Date:2008-10,bufferOverflow:59,heapOverflow:0,codeExecution:245,csrf:5,xss:143,sqlInjection:112,denialOfService:73,privilegeEscalation:0,infoExposure:91,memCorruption:6,fileInclusion:9,dirTraversal:40,bypassAttacks:110
Date:2008-11,bufferOverflow:51,heapOverflow:0,codeExecution:164,csrf:15,xss:90,sqlInjection:75,denialOfService:62,privilegeEscalation:0,infoExposure:58,memCorruption:9,fileInclusion:12,dirTraversal:16,bypassAttacks:50
Date:2008-12,bufferOverflow:47,heapOverflow:2,codeExecution:218,csrf:20,xss:95,sqlInjection:102,denialOfService:72,privilegeEscalation:0,infoExposure:95,memCorruption:24,fileInclusion:16,dirTraversal:23,bypassAttacks:119
Date:2009-01,bufferOverflow:44,heapOverflow:0,codeExecution:197,csrf:8,xss:87,sqlInjection:89,denialOfService:65,privilegeEscalation:0,infoExposure:106,memCorruption:4,fileInclusion:7,dirTraversal:35,bypassAttacks:98
Date:2009-02,bufferOverflow:40,heapOverflow:0,codeExecution:342,csrf:34,xss:202,sqlInjection:205,denialOfService:76,privilegeEscalation:2,infoExposure:136,memCorruption:10,fileInclusion:30,dirTraversal:54,bypassAttacks:127
Date:2009-03,bufferOverflow:50,heapOverflow:0,codeExecution:221,csrf:22,xss:160,sqlInjection:99,denialOfService:85,privilegeEscalation:0,infoExposure:93,memCorruption:11,fileInclusion:17,dirTraversal:23,bypassAttacks:89
Date:2009-04,bufferOverflow:55,heapOverflow:0,codeExecution:202,csrf:34,xss:167,sqlInjection:85,denialOfService:101,privilegeEscalation:0,infoExposure:92,memCorruption:19,fileInclusion:7,dirTraversal:24,bypassAttacks:105
Date:2009-05,bufferOverflow:66,heapOverflow:0,codeExecution:177,csrf:16,xss:85,sqlInjection:66,denialOfService:53,privilegeEscalation:0,infoExposure:55,memCorruption:18,fileInclusion:4,dirTraversal:23,bypassAttacks:71
Date:2009-06,bufferOverflow:45,heapOverflow:0,codeExecution:199,csrf:15,xss:153,sqlInjection:63,denialOfService:86,privilegeEscalation:0,infoExposure:68,memCorruption:31,fileInclusion:10,dirTraversal:37,bypassAttacks:88
Date:2009-07,bufferOverflow:45,heapOverflow:1,codeExecution:172,csrf:4,xss:129,sqlInjection:76,denialOfService:107,privilegeEscalation:1,infoExposure:74,memCorruption:17,fileInclusion:10,dirTraversal:23,bypassAttacks:84
Date:2009-08,bufferOverflow:41,heapOverflow:3,codeExecution:188,csrf:24,xss:152,sqlInjection:73,denialOfService:120,privilegeEscalation:1,infoExposure:79,memCorruption:8,fileInclusion:10,dirTraversal:19,bypassAttacks:162
Date:2009-09,bufferOverflow:59,heapOverflow:0,codeExecution:222,csrf:23,xss:191,sqlInjection:94,denialOfService:125,privilegeEscalation:0,infoExposure:91,memCorruption:15,fileInclusion:21,dirTraversal:22,bypassAttacks:129
Date:2009-10,bufferOverflow:38,heapOverflow:2,codeExecution:138,csrf:8,xss:101,sqlInjection:36,denialOfService:84,privilegeEscalation:0,infoExposure:53,memCorruption:21,fileInclusion:8,dirTraversal:18,bypassAttacks:67
Date:2009-11,bufferOverflow:46,heapOverflow:2,codeExecution:114,csrf:20,xss:101,sqlInjection:26,denialOfService:78,privilegeEscalation:0,infoExposure:50,memCorruption:17,fileInclusion:4,dirTraversal:10,bypassAttacks:66
Date:2009-12,bufferOverflow:55,heapOverflow:0,codeExecution:173,csrf:20,xss:190,sqlInjection:55,denialOfService:72,privilegeEscalation:0,infoExposure:92,memCorruption:15,fileInclusion:10,dirTraversal:21,bypassAttacks:82
Date:2010-01,bufferOverflow:35,heapOverflow:0,codeExecution:133,csrf:8,xss:106,sqlInjection:58,denialOfService:40,privilegeEscalation:0,infoExposure:39,memCorruption:13,fileInclusion:7,dirTraversal:11,bypassAttacks:53
Date:2010-02,bufferOverflow:28,heapOverflow:2,codeExecution:110,csrf:14,xss:76,sqlInjection:37,denialOfService:90,privilegeEscalation:0,infoExposure:73,memCorruption:9,fileInclusion:2,dirTraversal:13,bypassAttacks:59
Date:2010-03,bufferOverflow:48,heapOverflow:2,codeExecution:247,csrf:3,xss:164,sqlInjection:102,denialOfService:117,privilegeEscalation:0,infoExposure:102,memCorruption:27,fileInclusion:13,dirTraversal:45,bypassAttacks:78
Date:2010-04,bufferOverflow:33,heapOverflow:1,codeExecution:163,csrf:29,xss:122,sqlInjection:59,denialOfService:69,privilegeEscalation:0,infoExposure:90,memCorruption:16,fileInclusion:13,dirTraversal:54,bypassAttacks:103
Date:2010-05,bufferOverflow:36,heapOverflow:0,codeExecution:170,csrf:20,xss:144,sqlInjection:65,denialOfService:94,privilegeEscalation:0,infoExposure:94,memCorruption:22,fileInclusion:10,dirTraversal:53,bypassAttacks:66
Date:2010-06,bufferOverflow:44,heapOverflow:0,codeExecution:228,csrf:22,xss:157,sqlInjection:45,denialOfService:132,privilegeEscalation:0,infoExposure:67,memCorruption:61,fileInclusion:12,dirTraversal:25,bypassAttacks:68
Date:2010-07,bufferOverflow:15,heapOverflow:0,codeExecution:133,csrf:10,xss:103,sqlInjection:76,denialOfService:65,privilegeEscalation:0,infoExposure:49,memCorruption:19,fileInclusion:5,dirTraversal:16,bypassAttacks:53
Date:2010-08,bufferOverflow:55,heapOverflow:0,codeExecution:161,csrf:10,xss:65,sqlInjection:13,denialOfService:148,privilegeEscalation:1,infoExposure:37,memCorruption:50,fileInclusion:2,dirTraversal:14,bypassAttacks:38
Date:2010-09,bufferOverflow:20,heapOverflow:1,codeExecution:86,csrf:15,xss:98,sqlInjection:19,denialOfService:80,privilegeEscalation:0,infoExposure:73,memCorruption:18,fileInclusion:6,dirTraversal:15,bypassAttacks:70
Date:2010-10,bufferOverflow:25,heapOverflow:2,codeExecution:118,csrf:12,xss:54,sqlInjection:2,denialOfService:92,privilegeEscalation:0,infoExposure:77,memCorruption:44,fileInclusion:2,dirTraversal:6,bypassAttacks:110
Date:2010-11,bufferOverflow:26,heapOverflow:0,codeExecution:106,csrf:12,xss:62,sqlInjection:17,denialOfService:97,privilegeEscalation:0,infoExposure:67,memCorruption:32,fileInclusion:0,dirTraversal:11,bypassAttacks:49
Date:2010-12,bufferOverflow:44,heapOverflow:1,codeExecution:121,csrf:12,xss:89,sqlInjection:30,denialOfService:90,privilegeEscalation:0,infoExposure:53,memCorruption:29,fileInclusion:1,dirTraversal:10,bypassAttacks:70
Date:2011-01,bufferOverflow:66,heapOverflow:0,codeExecution:115,csrf:10,xss:72,sqlInjection:20,denialOfService:141,privilegeEscalation:0,infoExposure:75,memCorruption:9,fileInclusion:0,dirTraversal:10,bypassAttacks:83
Date:2011-02,bufferOverflow:50,heapOverflow:0,codeExecution:155,csrf:14,xss:77,sqlInjection:16,denialOfService:97,privilegeEscalation:0,infoExposure:54,memCorruption:45,fileInclusion:0,dirTraversal:9,bypassAttacks:39
Date:2011-03,bufferOverflow:25,heapOverflow:0,codeExecution:114,csrf:12,xss:55,sqlInjection:9,denialOfService:183,privilegeEscalation:0,infoExposure:40,memCorruption:65,fileInclusion:0,dirTraversal:7,bypassAttacks:86
Date:2011-04,bufferOverflow:14,heapOverflow:1,codeExecution:72,csrf:15,xss:76,sqlInjection:21,denialOfService:42,privilegeEscalation:0,infoExposure:69,memCorruption:7,fileInclusion:1,dirTraversal:12,bypassAttacks:84
Date:2011-05,bufferOverflow:33,heapOverflow:0,codeExecution:91,csrf:10,xss:51,sqlInjection:11,denialOfService:106,privilegeEscalation:0,infoExposure:37,memCorruption:30,fileInclusion:0,dirTraversal:9,bypassAttacks:58
Date:2011-06,bufferOverflow:37,heapOverflow:0,codeExecution:110,csrf:8,xss:56,sqlInjection:3,denialOfService:114,privilegeEscalation:0,infoExposure:45,memCorruption:52,fileInclusion:0,dirTraversal:3,bypassAttacks:38
Date:2011-07,bufferOverflow:25,heapOverflow:0,codeExecution:73,csrf:8,xss:39,sqlInjection:9,denialOfService:104,privilegeEscalation:0,infoExposure:24,memCorruption:33,fileInclusion:1,dirTraversal:5,bypassAttacks:62
Date:2011-08,bufferOverflow:36,heapOverflow:0,codeExecution:100,csrf:4,xss:62,sqlInjection:8,denialOfService:102,privilegeEscalation:1,infoExposure:41,memCorruption:30,fileInclusion:0,dirTraversal:3,bypassAttacks:49
Date:2011-09,bufferOverflow:35,heapOverflow:0,codeExecution:83,csrf:6,xss:109,sqlInjection:18,denialOfService:72,privilegeEscalation:0,infoExposure:285,memCorruption:8,fileInclusion:1,dirTraversal:9,bypassAttacks:42
Date:2011-10,bufferOverflow:21,heapOverflow:0,codeExecution:195,csrf:10,xss:127,sqlInjection:74,denialOfService:131,privilegeEscalation:0,infoExposure:43,memCorruption:35,fileInclusion:10,dirTraversal:8,bypassAttacks:66
Date:2011-11,bufferOverflow:19,heapOverflow:0,codeExecution:160,csrf:8,xss:119,sqlInjection:77,denialOfService:64,privilegeEscalation:0,infoExposure:46,memCorruption:22,fileInclusion:4,dirTraversal:4,bypassAttacks:38
Date:2011-12,bufferOverflow:31,heapOverflow:0,codeExecution:95,csrf:8,xss:119,sqlInjection:29,denialOfService:73,privilegeEscalation:0,infoExposure:81,memCorruption:14,fileInclusion:0,dirTraversal:25,bypassAttacks:60
Date:2012-01,bufferOverflow:26,heapOverflow:0,codeExecution:67,csrf:12,xss:88,sqlInjection:11,denialOfService:52,privilegeEscalation:3,infoExposure:37,memCorruption:7,fileInclusion:1,dirTraversal:6,bypassAttacks:84
Date:2012-02,bufferOverflow:26,heapOverflow:0,codeExecution:123,csrf:32,xss:140,sqlInjection:31,denialOfService:88,privilegeEscalation:0,infoExposure:36,memCorruption:25,fileInclusion:4,dirTraversal:15,bypassAttacks:57
Date:2012-03,bufferOverflow:13,heapOverflow:0,codeExecution:115,csrf:16,xss:81,sqlInjection:8,denialOfService:148,privilegeEscalation:0,infoExposure:76,memCorruption:77,fileInclusion:0,dirTraversal:10,bypassAttacks:85
Date:2012-04,bufferOverflow:34,heapOverflow:1,codeExecution:84,csrf:8,xss:62,sqlInjection:6,denialOfService:92,privilegeEscalation:0,infoExposure:33,memCorruption:29,fileInclusion:0,dirTraversal:3,bypassAttacks:40
Date:2012-05,bufferOverflow:29,heapOverflow:2,codeExecution:101,csrf:12,xss:82,sqlInjection:11,denialOfService:144,privilegeEscalation:0,infoExposure:39,memCorruption:25,fileInclusion:3,dirTraversal:6,bypassAttacks:91
Date:2012-06,bufferOverflow:38,heapOverflow:0,codeExecution:108,csrf:24,xss:102,sqlInjection:10,denialOfService:134,privilegeEscalation:0,infoExposure:78,memCorruption:23,fileInclusion:0,dirTraversal:3,bypassAttacks:94
Date:2012-07,bufferOverflow:47,heapOverflow:1,codeExecution:157,csrf:22,xss:132,sqlInjection:16,denialOfService:144,privilegeEscalation:0,infoExposure:65,memCorruption:72,fileInclusion:2,dirTraversal:10,bypassAttacks:169
Date:2012-08,bufferOverflow:57,heapOverflow:1,codeExecution:213,csrf:48,xss:267,sqlInjection:44,denialOfService:207,privilegeEscalation:0,infoExposure:125,memCorruption:48,fileInclusion:1,dirTraversal:12,bypassAttacks:204
Date:2012-09,bufferOverflow:38,heapOverflow:0,codeExecution:174,csrf:65,xss:237,sqlInjection:38,denialOfService:148,privilegeEscalation:0,infoExposure:178,memCorruption:57,fileInclusion:0,dirTraversal:11,bypassAttacks:147
Date:2012-10,bufferOverflow:50,heapOverflow:0,codeExecution:143,csrf:36,xss:162,sqlInjection:41,denialOfService:83,privilegeEscalation:0,infoExposure:57,memCorruption:25,fileInclusion:3,dirTraversal:17,bypassAttacks:152
Date:2012-11,bufferOverflow:37,heapOverflow:1,codeExecution:112,csrf:28,xss:108,sqlInjection:13,denialOfService:130,privilegeEscalation:0,infoExposure:63,memCorruption:26,fileInclusion:0,dirTraversal:9,bypassAttacks:99
Date:2012-12,bufferOverflow:16,heapOverflow:1,codeExecution:48,csrf:23,xss:69,sqlInjection:7,denialOfService:58,privilegeEscalation:1,infoExposure:46,memCorruption:5,fileInclusion:0,dirTraversal:9,bypassAttacks:90
Date:2013-01,bufferOverflow:50,heapOverflow:0,codeExecution:131,csrf:16,xss:78,sqlInjection:17,denialOfService:101,privilegeEscalation:0,infoExposure:66,memCorruption:31,fileInclusion:0,dirTraversal:10,bypassAttacks:112
Date:2013-02,bufferOverflow:31,heapOverflow:0,codeExecution:91,csrf:9,xss:81,sqlInjection:7,denialOfService:116,privilegeEscalation:0,infoExposure:81,memCorruption:21,fileInclusion:0,dirTraversal:6,bypassAttacks:62
Date:2013-03,bufferOverflow:23,heapOverflow:0,codeExecution:74,csrf:25,xss:121,sqlInjection:4,denialOfService:126,privilegeEscalation:0,infoExposure:125,memCorruption:11,fileInclusion:0,dirTraversal:12,bypassAttacks:140
Date:2013-04,bufferOverflow:23,heapOverflow:0,codeExecution:64,csrf:22,xss:59,sqlInjection:5,denialOfService:85,privilegeEscalation:0,infoExposure:93,memCorruption:13,fileInclusion:0,dirTraversal:3,bypassAttacks:143
Date:2013-05,bufferOverflow:22,heapOverflow:0,codeExecution:143,csrf:9,xss:87,sqlInjection:17,denialOfService:139,privilegeEscalation:0,infoExposure:53,memCorruption:63,fileInclusion:0,dirTraversal:6,bypassAttacks:82
Date:2013-06,bufferOverflow:47,heapOverflow:0,codeExecution:93,csrf:14,xss:76,sqlInjection:9,denialOfService:115,privilegeEscalation:0,infoExposure:88,memCorruption:34,fileInclusion:0,dirTraversal:4,bypassAttacks:75
Date:2013-07,bufferOverflow:24,heapOverflow:0,codeExecution:107,csrf:16,xss:128,sqlInjection:19,denialOfService:120,privilegeEscalation:0,infoExposure:96,memCorruption:24,fileInclusion:0,dirTraversal:3,bypassAttacks:143
Date:2013-08,bufferOverflow:21,heapOverflow:0,codeExecution:94,csrf:26,xss:155,sqlInjection:20,denialOfService:105,privilegeEscalation:0,infoExposure:65,memCorruption:25,fileInclusion:0,dirTraversal:7,bypassAttacks:105
Date:2013-09,bufferOverflow:28,heapOverflow:0,codeExecution:131,csrf:18,xss:112,sqlInjection:9,denialOfService:174,privilegeEscalation:0,infoExposure:75,memCorruption:70,fileInclusion:0,dirTraversal:9,bypassAttacks:98
Date:2013-10,bufferOverflow:28,heapOverflow:0,codeExecution:109,csrf:30,xss:73,sqlInjection:12,denialOfService:151,privilegeEscalation:0,infoExposure:116,memCorruption:24,fileInclusion:1,dirTraversal:9,bypassAttacks:184
Date:2013-11,bufferOverflow:21,heapOverflow:0,codeExecution:64,csrf:27,xss:123,sqlInjection:11,denialOfService:107,privilegeEscalation:0,infoExposure:82,memCorruption:23,fileInclusion:0,dirTraversal:14,bypassAttacks:106
Date:2013-12,bufferOverflow:28,heapOverflow:0,codeExecution:98,csrf:29,xss:193,sqlInjection:25,denialOfService:125,privilegeEscalation:0,infoExposure:58,memCorruption:24,fileInclusion:0,dirTraversal:12,bypassAttacks:130
Date:2014-01,bufferOverflow:26,heapOverflow:0,codeExecution:87,csrf:37,xss:163,sqlInjection:26,denialOfService:115,privilegeEscalation:0,infoExposure:105,memCorruption:12,fileInclusion:0,dirTraversal:14,bypassAttacks:170
Date:2014-02,bufferOverflow:33,heapOverflow:0,codeExecution:111,csrf:27,xss:139,sqlInjection:17,denialOfService:123,privilegeEscalation:0,infoExposure:102,memCorruption:36,fileInclusion:0,dirTraversal:8,bypassAttacks:123
Date:2014-03,bufferOverflow:42,heapOverflow:0,codeExecution:138,csrf:42,xss:205,sqlInjection:37,denialOfService:137,privilegeEscalation:0,infoExposure:79,memCorruption:35,fileInclusion:0,dirTraversal:28,bypassAttacks:188
Date:2014-04,bufferOverflow:36,heapOverflow:0,codeExecution:141,csrf:45,xss:146,sqlInjection:19,denialOfService:165,privilegeEscalation:0,infoExposure:114,memCorruption:31,fileInclusion:0,dirTraversal:23,bypassAttacks:198
Date:2014-05,bufferOverflow:30,heapOverflow:0,codeExecution:114,csrf:59,xss:150,sqlInjection:20,denialOfService:142,privilegeEscalation:0,infoExposure:95,memCorruption:32,fileInclusion:1,dirTraversal:17,bypassAttacks:183
Date:2014-06,bufferOverflow:29,heapOverflow:0,codeExecution:150,csrf:38,xss:153,sqlInjection:21,denialOfService:134,privilegeEscalation:0,infoExposure:72,memCorruption:65,fileInclusion:0,dirTraversal:11,bypassAttacks:116
Date:2014-07,bufferOverflow:22,heapOverflow:0,codeExecution:133,csrf:26,xss:349,sqlInjection:22,denialOfService:109,privilegeEscalation:0,infoExposure:109,memCorruption:39,fileInclusion:0,dirTraversal:17,bypassAttacks:183
Date:2014-08,bufferOverflow:11,heapOverflow:0,codeExecution:105,csrf:40,xss:107,sqlInjection:34,denialOfService:100,privilegeEscalation:0,infoExposure:85,memCorruption:34,fileInclusion:0,dirTraversal:13,bypassAttacks:138
Date:2014-09,bufferOverflow:34,heapOverflow:0,codeExecution:148,csrf:20,xss:139,sqlInjection:12,denialOfService:158,privilegeEscalation:0,infoExposure:1502,memCorruption:59,fileInclusion:0,dirTraversal:4,bypassAttacks:104
Date:2014-10,bufferOverflow:16,heapOverflow:0,codeExecution:138,csrf:42,xss:267,sqlInjection:36,denialOfService:114,privilegeEscalation:1,infoExposure:1483,memCorruption:20,fileInclusion:1,dirTraversal:13,bypassAttacks:256
Date:2014-11,bufferOverflow:33,heapOverflow:0,codeExecution:149,csrf:43,xss:124,sqlInjection:29,denialOfService:148,privilegeEscalation:0,infoExposure:83,memCorruption:20,fileInclusion:0,dirTraversal:16,bypassAttacks:150
Date:2014-12,bufferOverflow:44,heapOverflow:0,codeExecution:193,csrf:85,xss:235,sqlInjection:30,denialOfService:161,privilegeEscalation:0,infoExposure:97,memCorruption:36,fileInclusion:0,dirTraversal:19,bypassAttacks:203
Date:2015-01,bufferOverflow:33,heapOverflow:0,codeExecution:140,csrf:88,xss:311,sqlInjection:50,denialOfService:129,privilegeEscalation:0,infoExposure:69,memCorruption:16,fileInclusion:0,dirTraversal:22,bypassAttacks:201
Date:2015-02,bufferOverflow:26,heapOverflow:0,codeExecution:142,csrf:36,xss:151,sqlInjection:29,denialOfService:137,privilegeEscalation:0,infoExposure:69,memCorruption:50,fileInclusion:0,dirTraversal:14,bypassAttacks:139
Date:2015-03,bufferOverflow:22,heapOverflow:0,codeExecution:144,csrf:30,xss:136,sqlInjection:17,denialOfService:153,privilegeEscalation:0,infoExposure:70,memCorruption:38,fileInclusion:0,dirTraversal:4,bypassAttacks:103
Date:2015-04,bufferOverflow:24,heapOverflow:0,codeExecution:110,csrf:64,xss:122,sqlInjection:10,denialOfService:124,privilegeEscalation:0,infoExposure:97,memCorruption:41,fileInclusion:2,dirTraversal:12,bypassAttacks:182
Date:2015-05,bufferOverflow:27,heapOverflow:0,codeExecution:129,csrf:30,xss:103,sqlInjection:19,denialOfService:113,privilegeEscalation:0,infoExposure:62,memCorruption:39,fileInclusion:1,dirTraversal:9,bypassAttacks:126
Date:2015-06,bufferOverflow:27,heapOverflow:0,codeExecution:105,csrf:78,xss:176,sqlInjection:27,denialOfService:112,privilegeEscalation:0,infoExposure:95,memCorruption:29,fileInclusion:1,dirTraversal:23,bypassAttacks:199
Date:2015-07,bufferOverflow:33,heapOverflow:0,codeExecution:184,csrf:34,xss:97,sqlInjection:12,denialOfService:165,privilegeEscalation:0,infoExposure:73,memCorruption:87,fileInclusion:0,dirTraversal:7,bypassAttacks:206
Date:2015-08,bufferOverflow:30,heapOverflow:0,codeExecution:199,csrf:25,xss:127,sqlInjection:11,denialOfService:187,privilegeEscalation:0,infoExposure:107,memCorruption:96,fileInclusion:0,dirTraversal:7,bypassAttacks:146
Date:2015-09,bufferOverflow:32,heapOverflow:0,codeExecution:174,csrf:33,xss:126,sqlInjection:18,denialOfService:178,privilegeEscalation:0,infoExposure:72,memCorruption:100,fileInclusion:1,dirTraversal:9,bypassAttacks:136
Date:2015-10,bufferOverflow:24,heapOverflow:0,codeExecution:193,csrf:19,xss:89,sqlInjection:20,denialOfService:187,privilegeEscalation:0,infoExposure:116,memCorruption:109,fileInclusion:0,dirTraversal:10,bypassAttacks:233
Date:2015-11,bufferOverflow:14,heapOverflow:1,codeExecution:94,csrf:6,xss:42,sqlInjection:3,denialOfService:79,privilegeEscalation:0,infoExposure:50,memCorruption:47,fileInclusion:0,dirTraversal:4,bypassAttacks:63
